Post Owner,Caption,Likes,Number of Comments,Image URLs,Media Count
farmrio,"Where the sky meets the earth. 
 
In this new setting to the FARM Rio Spring Summer 24 Campaign, our creativity played with the infinite, infusing soft femininity into the barren landscapes, meandering through clouds mirrored in water surfaces. 
 
Discover our new Spring Summer 24 campaign at the link in bio.",6097,105,,10
farmrio,"Thereâ€™s an undeniable magic in witnessing nature awaken from her deep quietness, adorning the world in flowers once more. The gentle energy of Spring inspires a profound affection for lifeâ€™s simplest moments of happiness. 

To tell the visual stories of our Spring Summer 24, we embarked on a journey to Bolivia, South America, seeking a vast and striking stage capable of embracing our natural maximalism. 

Discover now our new Spring Summer 24 campaign at the link in bio.",6638,95,,9
farmrio,"When you reflect on it, personal style echoes natureâ€™s creative spirit in endless expressions. Sounds, scents, and colors blooming side by side are an invitation to beauty as a pathway to togetherness. Discover our new Spring Summer 24 campaign and feel the spring energy straight into your wardrobe - link in bio.",5337,78,,9
farmrio,"Florals, graphics, stripesâ€”these new prints will keep your head in the sky. Dream in color - link in bio.",199,3,,7
farmrio,How to style the Dark Green Guipure Long Sleeve Maxi Dress with @mariaffrazao #FARMRioLovers,686,8,,4
farmrio,"â€œIs there anything more beautiful than femininity?â€
 
Founder @_katia_barros and her admiration of woman and their femininity is what brought us here.
 
Our Spring 24 campaign is an homage to beauty, strength and nature. Find out more at the link in bio.",1265,123,,1
farmrio,"We blossomed London Underground. ğŸŒºÂ 

Discover our new Spring Summer 24 campaign at the link in bio.",2309,26,,6
farmrio,Mid-season essentials designed to bring you joy and comfort with ease. Get inspired by our #FARMRioLovers.,2606,11,,5
farmrio,"Part 2 of â€œwhat I hope the guests at our wedding will wearâ€ ğŸŒ¹
Annonce @farmrio ğŸŒ ps the yellow part of the dress was dyed in the sun - how cute is that? ğŸ«¶ğŸ¼",10984,194,,1
farmrio,"Not-so-classic statement trench with a tropical feel. And yet brighter things are coming. Our Spring Summer 24 video campaign is arriving soon. 

Stay tuned!",6191,64,,5
farmrio,EXTRA-SPECIAL EDIT: Enhance the skin youâ€™re already in and make every day extraordinary. âœ¨,2363,60,,1
farmrio,Our standout pieces infuse a tropical vibe to any special occasion and prove that it wouldnâ€™t be a party without FARM Rio. Light up the room!,12888,218,,4
farmrio,Relaxed-fit shirts and printed matching sets: @miguelfmello is styling our new signature capsule. #FARMRioLovers,2117,81,,1
farmrio,"For the first time (and by popular demand), we've crafted a capsule of relaxed-fit shirts and printed matching sets for menâ€”but versatile enough for all genders. Tap to shop!",6638,74,,8
farmrio,Take a closer look and delve into the details! Find your look â€“ link in bio.,6111,20,,7
farmrio,"Dressed in happiness, @gilbertogil elevated the stage at last yearâ€™s Brazilian music festival with a versatile design that welcomes every style and all genders.ğŸŒº 
 
Discover the capsule at farmrio.com.",6315,56,,2
farmrio,"Step into a sunshine state of mind with these refreshing artesanal outfits. ğŸŒ

w/ @nenaalves #FARMRioLovers",900,26,,4
farmrio,"Soft white pieces with a romantic touch and gorgeous artisanal details like lace, crochet, and floral appliquÃ©s. Explore new styles at the link in bio.",7606,56,,7
farmrio,Express your best self with these refreshing artisanal outfits. Shop now at farmrio.com!,1900,61,,1
farmrio,Weaving blooming prints with an artisanal touch. Swipe to enjoy the unique self-expression of @prosenkilde. #FARMRioLovers.,1594,18,,6
farmrio,Fresh floral prints crafted with classic feminine energy. Explore new styles at the link in bio. ğŸŒº,2467,24,,9
farmrio,"Bright things are yet to come. 

Discover our new Spring Summer 24 campaign on March 21st. 

Unlock early access to the collection by subscribing to our newsletter at farmrio.com",1344,25,,2
farmrio,"Iâ€™m love, Iâ€™m obsessed with our #FARMRioLovers looks. Swipe to get inspired!",945,6,,5
farmrio,Prepared to turn every destination into a getaway with these vaccation-ready item.,2725,15,,6
farmrio,Final ski of the season and unforgettable memories with our #FARMRioLovers.,2938,19,,9
farmrio,"we dream 
we wonder 
we sunshine 
we blossom 

Discover our new Spring Summer 24 campaign on March 21st. 

Unlock early access to the collection by subscribing to our newsletter at farmrio.com",3085,46,,6
farmrio,Explore our best sellers and ignite your creativity. Tap to shop!,1687,17,,8
farmrio,From imagination to boundless possibilities. Get inspired with our #FARMRioLovers!,2543,26,,5
farmrio,"Paint the world with joy! Tap to shop. 
#FARMRioLovers",1091,31,,4
farmrio,Our new FARM Rio To Go collection brings fresh finds to turn every destination into your happy place. Shop now at farmrio.com!,2394,21,,8
farmrio,Get ready to elevate your casual wardrobe with a versatile T-shirt. Tap to shop!,874,4,,7
farmrio,"Our team of creatives embarked on an innovative - and natural! - idea to celebrate the 10 years of FARM â™¥ï¸ @adidas. The jacket from the teaser video was a handmade work, constructed flower by flower (if you havenâ€™t seen it, go back 6 posts). Come see how the process was! ğŸ’",4232,39,,6
farmrio,Get the look w/ @cazevedor. #FARMRioLovers,1868,10,,6
farmrio,"On International Womenâ€™s Day, we honor the essence of femininity and pay tribute to the women who inspire us here in Brasil and worldwide. We are proud to say that 94% of our team is comprised of women, and they hold 81% of our leadership positions. 

Today and every day, we express our gratitude to these remarkable women who show us the power of unity and collaboration.",2433,15,,6
farmrio,Take a closer look and delve into the details! Shop now at farmrio.com.,2425,10,,6
farmrio,"10 years 
160 prints 
25 collections 
3 stripes 
 
And we are just beginning! 
Stay tuned, thereâ€™s so much more to come in 2024. 
 
FARM Rio <3 @adidas",5365,62,,6
farmrio,How to style @adidas <3 FARM Rio with @marigiudicelli. #FARMRioLovers,4247,63,,1
farmrio,"FARM â™¥ï¸ adidas: 10 anos | a primeira coleÃ§Ã£o-cÃ¡psula dessa celebraÃ§Ã£o Ã© uma ode ao sol. O lanÃ§amento homenageia nossa fonte inesgotÃ¡vel de beleza, luz e inspiraÃ§Ã£o, com estampas que te levam da cidade ao paraÃ­so. descubra no site e nas lojas de todo o Brasil! 

FARM â™¥ï¸ adidas: 10 Years | Featuring groovy, colorful prints that exude the beauty and joy of long summer days, our latest collaboration 1st drop is perfect for those who love to give their urban lifestyle a playful, tropical vibe. So, step out in the sunshine and connect with your own light. Discover the drop â€“ online and at our stores.",3794,118,,5
farmrio,"10 years of moving, connecting, dancing, sliding, celebrating. And we are just beginning! FARM Rio â™¥ï¸ @adidas is coming tomorrow.",1178,21,,1
farmrio,A meeting of the unique essence of Brasil with the brand of the three stripes. FARM Rio â™¥ï¸ @adidas is coming tomorrow!,2682,46,,1
farmrio,"Save for inspiration! 
#FARMRioLovers",1426,9,,5
farmrio,Welcome to a winter escape guided by our #FARMRioLovers.,4842,37,,5
farmrio,"Happy 459 years to our hometown! We love you, Rio. ğŸ’•",2348,36,,1
farmrio,"The closer you look, the more you see. Zoom in!",1885,5,,6
farmrio,Two-tone print: White & Blue edition. Shop now at farmrio.com.,6756,86,,5
farmrio,These pieces are a must-have for any wardrobe and perfect for any occasion. Tap to shop!,2209,17,,7
farmrio,Get inspired by our #FARMRioLovers. âœ¨,1225,10,,5
farmrio,WHITE Nâ€™ BLUE EDIT: to spread joyful energy everywhere.,5202,59,,10
farmrio,Some bold prints we love as seen on you ğŸ’• #FARMRioLovers,3554,20,,5
farmrio,"Get the look w/ @mariaffrazao. From jumpsuits to dresses, swipe to see her favorite looks and get inspired!",1925,10,,5
farmrio,"London goes bananas: Check our limited-edition pieces in the new FARM Rio store. See you at 86 Kingâ€™s Road, Chelsea. ğŸŒ",2646,37,,1
farmrio,Embrace cozy comfort with #FARMRioLovers. âœ¨,1563,8,,5
farmrio,Skiwear styling inspiration w/ @chey_maya.,1673,18,,3
farmrio,"ğŸ“FARM Rio {MEETS} @londisgoods: When we arrived in London with our first store, we were excited to bring Brazilian warmth to this big city with an exclusive collection and immersive in-store experience. Since we love connecting with people everywhere we go, Londie Ncube is one of our new friends we want you to meet. As a local tastemaker, we invited her to co-create a welcome seeding, bringing our dress in happiness prints to her fashion community. 

Londie is a Zimbabwean born - London based Fashion Editor and mama. Amongst many things she finds a lot of joy in getting dressed. Youâ€™re likely to find her thrifting, sharing food with family and friends or dancing to afrobeats.",1705,19,,6
farmrio,"Our new trench styles are here to say: â€œdear mid season, we love you so muchâ€",1727,14,,7
farmrio,Dive into feel-good styles. Tap to shop!,1446,4,,8
farmrio,Playful knits to infuse even the simplest outfit with an artsy flair. Shop now at farmrio.com.,1765,50,,1
farmrio,"The creative journey behind our marquetry panel involved several steps, from crafting every main element individually to incorporating them into the final piece. This process took approximately 30 days, with an additional three weeks dedicated to the installation and final adjustments at FARM Rio London store. The result is extraordinary - our love letter to Brazilian nature.",1700,30,,1
farmrio,"ğŸ“FARM Rio {MEETS} @minahabchi: When we arrived in London with our first store, we were excited to bring Brazilian warmth to this big city with an exclusive collection and immersive in-store experience. Since we love connecting with people everywhere we go, Mina Habchi is one of our new friends we want you to meet. As a local tastemaker, we invited her to co-create a welcome seeding, bringing our dress in happiness prints to her fashion community. 

Mina is a French-Algerian social media content creator. She grew up in Provence and now lives in London. Mina launched her own magazine, www.niood.com 3 years ago and is passionate about creating engaging Fashion content for her growing international audience.",3158,42,,1
farmrio,"Oh, it was love at first sight ğŸ’• #valentinesday",5653,39,,1
farmrio,"ğŸ“FARM Rio {MEETS} @annashafffer: When we arrived in London with our first store, we were excited to bring Brazilian warmth to this big city with an exclusive collection and immersive in-store experience. Since we love connecting with people everywhere we go, Anna Shaffer is one of our new friends we want you to meet. As a local tastemaker, we invited her to co-create a welcome seeding, bringing our dress in happiness prints to her fashion community. 

Anna is a London-based actress who stars in Netflixâ€™s The Witcher as sorceress Triss Merigold. Her South African roots have inspired her love for color and print, and she often adopts the mantra of â€œmore is moreâ€ when getting dressed.",1976,15,,6
farmrio,"Welcome to our London Store! 

This project has been designed in collaboration with Marcelo Rosenbaum, who brings the overall architectural concept, regional, social and artistic curation for the project. He has been awarded several times for his projects with social impact in traditional communities, use of local and sustainable materials and appreciation of handcrafted work, just like this amazing Sururu coating. 

Come visit us at 86 Kingâ€™s Road, Chelsea and discover many more special corners.",493,5,,6
farmrio,NEW IN: Delicate pieces from the forest to your heart. Tap to shop!,22664,108,,7
farmrio,Get the @caetanabaâ€™s look at Copenhagen Fashion Week. âœ¨,1398,13,,3
farmrio,"In this Yawanawa collection, all prints tell a story of togetherness woven by many. The inspiration for the drawings came from rich discussions about culture and life experiences in the forest of the Yawanawa women, who provided correction, validation, and meaningful names. 

The Shuhu print beautifully highlights the communal spaces of the Yawanawa, where ceremonies and rituals unfold. It was crafted with care to ensure that every little detail captures the essence of this architecture, which symbolizes pride and love for their community 

Discover the full collection â€“ link in bio.",956,5,,7
farmrio,"FARM RIO & {FRIENDS} Say olÃ¡ to our friend Luan Rodriguesâ€Œ (@kambo.art), a talented multimedia artist from CametÃ¡ (ParÃ¡, Brasil), who captures the beauty and culture of the Amazon. His vibrant, colorful universe plays with contrasts such as tradition and technology, culture and nature, reflecting his experiences living and traveling in northern Brasil. For this collaboration, weâ€™ve crafted a capsule collection of warm and stylish knits printed with his creations. â€” an artsy addition to infusing your everyday outfits with effortless creativity. Find your knit at farmrio.com.",1281,33,,6
farmrio,We breathe nature to return beauty to the world. âœ¨ Discover more at the link in bio.,3564,24,,4
farmrio,"FARM Rio is all about people, their stories, cultures, and creative expressionsâ€”even when it comes to nature.  Meet the protagonists of our #naturelovers journey and and immerse yourself  in this visual tale â€“ link in bio.

w/
@eriyaluiza 
@juliayawanawa 
@vakeumayawa099 
@maniyawanawa 
@saldanhabia 
@luisalost 
@eudiegosanfrancisco 
@zurialm 
@kil.dren 
@karenbrasil 
@dandarajqueiroz",4254,72,,8
farmrio,"FARM RIO <3 YAWANAWA: Each print, color, or detail shapes a delicate fabric woven by many hands, combining beauty and meaning. These elements resonate with the essence of sacred plants, animals or the forest itself. 

â€œThe forest is life. Itâ€™s everything â€“ life, joy, peace, happiness, hope, tranquility. -  JÃºlia Yawanawa, coordinator of the Rauti Project. 

Discover the full collection and learn more about our collaboration â€“ link in bio",1166,14,,5
farmrio,"FARM RIO <3 YAWANAWA: Seven years ago, we embarked on a transformative journey from our hometown, Rio de Janeiro, to the indigenous territory of Rio GregÃ³rio within the Amazon rainforest. During our visit, we had the opportunity to meet the Yawanawa women who forever transformed our relationship with nature and our feminine essence. 

Over time, our relationship has blossomed in many ways. Weâ€™ve started a creative collaboration with the artisans, showcasing and selling their bead jewelry and later evolving into creating collaborative capsule collections. Yet, our most significant collective accomplishment is empowering 180 women through direct income generation. These talented women emerged as the primary providers for their households and are now sparking a shift in gender roles with positive impacts for future generations. Learn more about our collaboration â€“ link in bio",8201,75,,8
farmrio,"This year, our long-lasting partnership with the Yawanawa women turns a new leaf as we introduce a new collaborative capsule with pieces that are living stories of their land and culture. One of them is called Rauti. 

While carrying the timeless wisdom of the forest, the vibrant beaded compositions of the Yawanawa also represent a recent expression. They embody a path of female empowerment within the communityâ€”one of the few in Brasil led by a female pajÃ© (spiritual leader). Additionally, they embrace a new understanding of rauti, a profoundly meaningful term that translates to â€˜ornaments of beauty and protection.â€™. 

But rauti goes far beyond a piece of jewelry: â€˜It is everything that enhances beauty. When Iâ€™m in rauti, thereâ€™s nothing I fear. It adorns and protects simultaneously.â€™ explains JÃºlia Yawanawa, coordinator of the Rauti Project. 

Explore the full story -  link in bio",3484,27,,7
farmrio,"Nature Lovers is a love manifesto dedicated to the beauty we continuously discover in our encounters with the natural world and its peoples. In this opening act, we celebrate our long-lasting partnership with the Yawanawa women, female leaders, artists, and guardians of the forest who forever transformed our relationship with nature and our feminine essence. It is a privilege for us to share their strength and sensitivity with the world, offering clothes and jewelry that embody what we feel as the heart of the Amazon. 

Learn more at the link in bio.",1598,48,,1
farmrio,"In the delicate fabric of our prints 
we cherish and weave together 
living stories of love and kinship 

The gentle feel of a birdâ€™s song, 
the warm embrace of giant trees 
Colors shifting like freshwater, 
butterflies unveiling their gifts 

We gaze into the eyes of the forest 
Smiling to her native forms of wisdom 
From the highest flowers touching the sky 
to the earthy sweetness of her peoples 
 
So even if youâ€™re not rooted within the wild, 
your body can still be grounded 
at the scent of every moment, 
moved by the healing power of beauty 
and a tender sense of oneness 

Creativity journeys through space and time 
to craft new ways of caring for the world around us 

Nature Lovers 
from the forest to your heart. 
 

Learn more at the link in bio.",2840,34,,5
farmrio,Ski clothes? We got you coveredâ›·ï¸ w/ @vicmontanari #FARMRioLovers,10309,137,,1
farmrio,"Join @lucymdonovan on a tour of the FARM Rio London store. We might be suspicious, but we feel like itâ€™s a piece of art ğŸ¤©. Designed by the architect Marcelo Rosenbaum and weaving a poetic interpretation of Brazilian nature, it highlights exciting new collaborations. By the way, youâ€™ll find an exclusive collection there. ğŸ‘€ See you at 86 Kings Road, Chelsea!",9771,159,,1
farmrio,"@laurenelsonâ€™s fit check âœ¨ #FARMRioLovers

Shop Carioca Tricot Puffer Jacket now!",816,8,,1
farmrio,"Crafted in iron and brass in Ireland, the entrance door of FARM Rio London Store features very special details inspired by our own prints. Itâ€™s an immersive brand experience and yet that same borodogÃ³.  See you at FARM Rio London â€“ 86 Kingâ€™s Road, Chelsea.",1046,12,,1
farmrio,"One less lonely puffer âœ¨ 
w/ @justinbieber

Photo: Backgrid",54161,334,,1
farmrio,Heart-shaped styles for an irresistibly heart-melting effect. Shop now our Valentineâ€™s Day capsule!,9704,89,,7
farmrio,"FARM Rio <3 Copacabana Palace: When it comes to Rioâ€™s effortless glamour, our partnership with the Copacabana Palace is here to remind you: trust in the classics. Discover the collab at farmrio.com",1646,20,,6
farmrio,"FARM Rio <3 Copacabana Palace: A match made in Rio.

Join us in celebrating the 100 years of a hotel thatâ€™s become a postcard adorned with our pieces and timeless lifestyle. Weâ€™ve designed two exclusive pieces to mark this special moment: a classic square scarf with a poetic portrait of the hotel and a beach-to-city chemise dress. 

Discover the collab at farmrio.com",1543,20,,7
farmrio,Get the look with our #FARMRioLovers.,2738,18,,5
farmrio,NEW IN: Donâ€™t wait for the weather to clear up. Get ready now with FARM Rio Pre-Spring Capsule. Discover the collection at farmrio.com.,2081,15,,9
farmrio,Get your mountain glow on with our ski collection. Tap to shop. #FARMRioLovers.,1417,24,,4
farmrio,NEW IN: Love is all you need â€“ but wait till you see our Valentineâ€™s Day capsule. Discover the collection at farmrio.com!,2906,18,,6
farmrio,"Our limited-edition pieces for FARM Rio London store are perfect for making a fashion statement. Shop @anaanaanaanaanaanaâ€™s Black Vintage Garden Trench Coat at 86 Kingâ€™s Road, Chelsea.",5439,60,,6
farmrio,"Check @patricia_zhouâ€™s limited-edition looks on her favorite spots at our new London store. âœ¨

Meet yours at 86 Kingâ€™s Road, Chelsea.",872,11,,4
farmrio,"Every detail at our FARM Rio London was designed to evoke delicate emotions and results from gorgeous, intricate artwork. Our watercolor wallpaper was hand-painted by the French artist Dominique Jardy. Based in Rio de Janeiro since 1985, she portrays in a romantic and poetic way the tropical Brazilian landscapes, native plants, and animals. See you at FARM Rio London â€“ 86 Kingâ€™s Road, Chelsea.",1256,20,,1
farmrio,"Yes, weâ€™ve got you covered with ski styles. Shop now at farmrio.com!",8496,123,,1
farmrio,Need a dose of inspiration? Let our #FARMRioLovers be your guide. âœ¨,1217,4,,5
farmrio,Get the @chloelecareuxâ€™s mixed Pineapple Garden Ski Jacket. Tap to shop. #FARMRioLovers,1863,19,,6
farmrio,"Classic yet far-from-boring looks. 
w/ @karenercolin #FARMRioLovers",3448,43,,9
farmrio,"FARM RIO & {FRIENDS} We invite you on a journey through surprising tropical-surrealist realms (where things are not always as they seem) with Alix. @alixduvernoy is a talented designer from Rio de Janeiro and her unique and playful perspective on fashion inspired our connection, which naturally evolved into a capsule collection as we realized how much we had in common. Join the fashion play!",1052,5,,8
farmrio,"Get inspired with our #FARMRioLovers for your ski moment.

w/ 
@lisepierron
@carlottabarolo
@hanakhalill 
@bloudyyyy_",3444,36,,4
farmrio,"Coloring London streets with Brazilian warmth. See you at FARM Rio London â€“ 86 Kingâ€™s Road, Chelsea.",1503,11,,6
farmrio,"Our new chapter with the FARM RIO London store has inspired us to create a commemorative print. Named â€˜London Goes Bananasâ€™, the print combines classic checkered patterns with our tropical flair, featuring flowers and bananas. Swipe to explore ğŸŒ",2849,40,,9
farmrio,"Go behind the scenes of our new FARM Rio London store.
 
The space, designed by the architect Marcelo Rosenbaum and our FARM Rio team, wovens a poetic interpretation of Brazilian nature and highlights exciting new collaborations. From the hand-painted tropical wallpaper to the buriti straw fitting rooms, the marquetry-crafted panel (that has become the projectâ€™s soul), and the crafted in iron and brass entrance door, every detail at our FARM Rio London was designed  to evoke delicate emotions and results from gorgeous, intricate artwork.
 
See you at FARM Rio London â€“ 86 Kingâ€™s Road, Chelsea.",4805,161,,1
farmrio,Embrace every little detail. âœ¨,1657,15,,5
farmrio,"Have you checked out our limited-edition pieces that pay tribute to the lively city of London? They are perfect for making a fashion statement. Shop @anaanaanaanaanaanaâ€™s Mushroom Fleece, exclusively available at our London store. Meet us at 86, Kings Road.",8265,115,,5
farmrio,"Looking for a dose of inspiration this week? Let our #FARMRioLovers be your guiding light! âœ¨

w/
@pulgaarenas 
@carolperlingeiro
@lucy_monto 
@natashazoe
@kenziecashero",1924,9,,5
farmrio,Have you checked out our Ski Collection yet? Discover the styles in-store or online at farmrio.com 24/7.,6332,52,,5
farmrio,Bring happiness to rainy days with our Black Bossa Banana Umbrella.,1261,15,,6
farmrio,Swipe for outfit inspo guided by our #FARMRioLovers âœ¨,1195,7,,5
farmrio,Get @vicmontanariâ€™s look - Discover the Mixed Tapestry Prints Knit Cardigan now.,7330,57,,1
farmrio,"Hello London! Naturally, we couldnâ€™t resist announcing our presence in one of the greatest creative capitals in the world with an exclusive capsule collection. For this special occasion, weâ€™ve curated iconic designs that bear our signature as a House of Prints, reimagining Winter essentials such as denim, knitwear, jackets, raincoats with matching umbrellas, and much more. Discover the collection at 86, Kings Road.",1540,23,,5
farmrio,Coucou! Guess where we are landing next? ğŸ¥,789,27,,1
farmrio,"Meeting people is our passion, and this year we were in great company. â¤ï¸",3032,14,,7
farmrio,"Each collection tells a story, and each collaboration is a chapter in this yearâ€™s journey. Weâ€™re so glad to have made even more friends this year.",1633,9,,7
farmrio,"From Brasil to the world! This year, our adventures took us to different corners, spreading the joy of dressing in happiness wherever we go. ğŸŒ",2816,45,,9
farmrio,"Join us for FARM Rio 2023 retrospective! This week, weâ€™ll revisit the moments that made this year one of our best yet. âœ¨",777,15,,1
farmrio,"â€œWhen FARM Rio was born, at the independent fashion market called BabilÃ´nia Feira Hype in 1997, my desire was to give color to the girls of Rio. Two and a half decades later, itâ€™s the desire to keep on dressing up people of all ages, not only from Rio but from all over Brasil and the world, that moves me overseas.â€ - @_katia_barros, FARM Rio founder. 

Thank you to all #FARMRioLovers ğŸ’•",2672,73,,1
farmrio,In Brasil we say Feliz Natal! Merry Christmas ğŸ’•,2021,11,,1
farmrio,"Have you heard the news? ğŸ‘€ Farm Rio is coloring London streets with Brazilian warmth. Come meet our new store at 86 Kingâ€™s Road, Chelsea.",2338,22,,6
farmrio,"FARM Rio London is now open at 86 Kingâ€™s Road, Chelsea!

Itâ€™s more than a significant achievement - itâ€™s a dream come true.  This is an exciting new chapter for our brand with numerous reasons to celebrate, from the unique architectural project designed by @mrosenbaum to creating a fresh community that brings local creative people even closer. But stay tuned: the space is set to welcome many more special moments throughout 2024.",8866,97,,10
farmrio,"With a fresh, immersive brand experience â€“ and yet that same borodogÃ³ â€“ we aim for our location at 86 Kingâ€™s Road to infuse the historic Chelsea with authentic Brazilian warmth, coloring the streets one print at a time. 
 
The space has been designed in collaboration with @mrosenbaum, who brings the overall architectural concept of regional, social, and artistic curation to the project. Our marquetry panel was created to showcase some of the most stunning landscapes of Brasil, taking visitors on a journey through the natural beauty of our diverse fauna and flora. The Amazonian artist Maqueson Pereira da Silva designed the piece using the traditional marquetry technique. 
 
Visit 86 Kingâ€™s Road to discover every detail at our FARM Rio London store â¤ï¸",2800,33,,9
farmrio,"We are delighted to announce the opening of FARM Rio London, which marks our official arrival in Europe and our 100th store worldwide. Since our start in 1997 at an independent creatorsâ€™ market, we have grown into one of Brazilâ€™s most beloved lifestyle brands. However, having a store across the ocean in another major fashion capital is more than a significant achievement - itâ€™s a dream come true.

The space, designed by the architect @mrosenbaum in collaboration with our FARM Rio team, wovens a poetic interpretation of Brazilian nature and highlights exciting new collaborations. From the hand-painted tropical wallpaper to the buriti straw fitting rooms and the marquetry-crafted panel (that has become the projectâ€™s soul), every detail at our FARM Rio London was designed to evoke delicate emotions and results from gorgeous, intricate artwork.

See you at FARM Rio London â€“ 86 Kingâ€™s Road, Chelsea.",23775,449,,10
farmrio,"Get your trench coat ready cause this Winter, we are arriving in London with our first store in Europe!

See you at 86 Kingâ€™s Road, Chelsea.",4095,116,,1
farmrio,Embrace the wild side with our leopard prints.,991,7,,5
farmrio,"The perfect video just got updated: Get ready with Yuria Fuke, @gicanozziâ€™s batchan, showcasing her new favorite coat, the Navy Leopards Fleece ğŸ† â¤ï¸",11947,189,,1
farmrio,"FARM RIO â™¥ï¸ ONÃ‡A: 
Here at FARM Rio, weâ€™re wild about nature â€“ something pretty evident if youâ€™re familiar with our prints. But when it comes to the onÃ§a-pintada (the Portuguese name for the Brazilian native jaguar), thatâ€™s a love story times a thousand. But this year our spotlight is also on a special feline friend: XamÃ£, a young jaguar under rehabilitation with the OnÃ§afari organization.

Founded in 2011, the OnÃ§afari is dedicated to preserving biodiversity across the Atlantic Forest, Amazon, Cerrado, and Pantanal biomes, focusing specifically on protecting native jaguars, pumas, and maned wolves. More than ever, its conservation ensures the lives of many others. Where there are onÃ§as, thereâ€™s a healthy rainforest.

Watch and get to know more about our partnership.",1112,16,,1
farmrio,Chasing winter vibes w/ @xinyubae â„ï¸,1236,19,,5
farmrio,Dream with us. We collaborated with the amazing artist @hannainaiah to take winter wear to the next level. Join us on a dreamy winter escape to the mountains and discover more on our Pinterest pageâ€”link in bio,4163,200,,1
farmrio,"FARM Rio: Dreamy Winter Escape 

After falling in love with the fantastical vision of the artist @hannainaiah, we knew we had to create something together. This surreal journey is a combination of our dreams. 

Join us on a dreamy winter escape to the mountains and discover more on our Pinterest pageâ€”link in bio.",14368,492,,5
farmrio,"Dream yourself away to sand, sun, and effortless styles. Shop our new Cruise Collection styles at the link in bio.",2224,22,,10
farmrio,The perfect match for that sun-kissed glow. âœ¨ Discover our Swimwear.,1689,22,,8
farmrio,Unwrap the magic of our holiday gifs collection and elevate your style game âœ¨,837,8,,4
farmrio,"Get Winter-ready with our Puffer Jackets. Which one is your favorite?

w/
@lisepierron 
@florettenacer 
@caruli.na
@pesanuza
@marthapinel",1517,7,,5
farmrio,Classic gifts with that FARM Rio twist. ğŸ,998,12,,7
farmrio,"Here's a trick to make Winter a little lighter: fill your house - or, hey, your wardrobe - with your favorite flowers.",2420,18,,9
farmrio,In a flowery mood with our new arrivals ğŸ’,932,3,,5
farmrio,Skiwear styling inspiration w/ @sabrinasato âœ¨,2188,35,,2
farmrio,Make any moment aprÃ©s-ski worthy.,4866,53,,1
farmrio,An invite to cozy adventures. Shop now our Ski Collection.,1645,16,,7
farmrio,Shop our Ski Collection and get your mountain glow on.,1737,117,,7
farmrio,Go behind the scenes of our new Skiwear collection. Discover more at the link in bio.,876,4,,7
farmrio,Get your mountain glow on with our Skiwear collection. Tap to shop.,1633,17,,5
farmrio,Get ready with our vibrant Skiwear and conquer that â€œIâ€™m on top of the worldâ€ feeling.,2297,80,,5
farmrio,Dive into our Skiwear collectionâ€”find the link in our bio.,4917,43,,5
farmrio,Discover our new Skiwear collection.,1571,19,,5
farmrio,FARM RIO SKIWEAR COLLECTION: An invite to cozy adventures.,3178,39,,5
farmrio,"FARM RIO SKIWEAR COLLECTION: Snowy peaks â€“ a blank canvas for you to express all your joy, creativity, and fun. Discover at the link in bio.",2759,83,,6
farmrio,This type of maxi texture feels like a hug. Discover at the link in bio.,542,8,,1
farmrio,BLACK Nâ€™ WHITE EDIT: Classic yet far-from-boring looks.,831,6,,8
farmrio,"If you need some inspiration for the week, our #FARMRioLovers have got you covered.",804,7,,5
farmrio,Watch @rocky_barnes slay in our stunning Black & White Heart Maxi Fleece! âœ¨,1035,13,,5
farmrio,Upgrade your wardrobe with our Winter Tapestry styles.,2267,19,,7
farmrio,There's a dress for every mood and moment. Shop now at the link in bio!,1746,13,,8
farmrio,Swipe to see the before and after of our Fall-Winter 23 campaign.,1748,21,,9
farmrio,Check for outfit inspo guided by our #FARMRioLovers âœ¨,1839,20,,5
farmrio,Discover how the smallest details elevate your wardrobe.,1727,21,,7
farmrio,"MAXI DRESSES EDIT: Easy to wear, hard to forget. Tap to shop!",1425,19,,7
farmrio,"These Fall-Winter best sellers are unforgettable. Visit our stores to discover what everyone's raving about, or shop 24/7 at farmrio.com âœ¨",4051,33,,8
farmrio,"Play around with style, and enjoy every little detail. Swipe for outfit inspo guided by @inesisaias. #FARMRioLovers",2239,14,,6
farmrio,"A warm welcome to chilly days.
W/ @arthurkelso. #FARMRioLovers",517,5,,6
farmrio,"1 STYLE, 4 LONDON SCENARIOS: we invited local creatives to pick their go-to Fall-Winter piece from our latest collection and style four outfits to enjoy the iconic London moments we adore and can never get enough of.
 
Fernanda Liberti is a carioca artist based in London. She currently works freelance internationally, with a diverse range of clients in Fashion, Art and Advertising, and as an associate lecturer at the University of the Arts London. In addition, she is working on her first photo book, and on her next multi-media project, Dust from Home, supported by the Deloitte Grant. 
 
Follow @libertife as she styles the Red V Neckline Long Sleeve Midi Dress at her favorite spots. #FARMRioLovers",969,11,,4
farmrio,"Congrats, @mylifewithprints! âœ¨ You've won an $800 gift card to grab all your FARM Rio faves. Check your DMs, run to our website, and don't forget to tag #FARMRioLovers on your next posts.

- - 

Itâ€™s time to color the season one gift at a time! Follow these steps to enter our Gift Guide Giveaway and you could be the lucky winner! ğŸ¤©

HOW TO:
Follow @â€Œfarmrio
Tag a friend in the comments (one entry per friend!)
The more tags, the more entries (fake and verified accounts are not eligible)

PRIZE:
1 (one) gift card of $800 (eight hundred dollars) to be used on the FARM Rio website (valid until December 31st, 2023).

T&Cs apply (18+, open to the US, UK, and EU). Entries must be received from November 15th, 2023, until November 17th, 2023, at 12:00 PM EST. The winners will be announced on November 17th, 2023, at 12:30 PM EST at @â€Œfarmrio. Read the full terms on the link in bio.

*The contest is not sponsored, endorsed, administered, or associated with Instagram.",3101,3469,,1
farmrio,Embark on a journey of inspiration guided by @maricalazan. #FARMRioLovers,976,7,,5
farmrio,Get you mountain glow on. See you at the ski station. âœ¨,859,5,,7
farmrio,Remember to make a colorful statement next time you hang up your coat. Find your next solid color dress in our Stores or online at farmrio.com,984,6,,8
farmrio,Bloom into the season's most magical moments with our Black Vintage Garden matching set. @lisepierron #FARMRioLovers,4229,30,,6
farmrio,"It's not just the season, it's a vibe! Our #FARMRioLovers are glowing all year round, and we want you to feel the same. Tag us and share your favorite FARM Rio look. âœ¨

@jujubonjour

@olgikush

@raquelcostagomess

@ascellelou",806,3,,4
farmrio,"1 STYLE, 3 LONDON SCENARIOS: we invited local creatives to pick their go-to Fall-Winter piece from our latest collection and style three outfits to enjoy the iconic London moments we adore and can never get enough of.
 
Iwana Cristal is a Dutch model, influencer, and founder of the brand East Wood St. A keen skateboarder and dancer, her alternative style and distinctive look fit seamlessly with her modeling credentials for Pilgrim, Fashion East, and the emerging brand HRH.
 
Follow @iwanacristal as she styles the Black Sweet Mermaids Knit Blazer from walks around central London to pub crawling and escaping from the cold in bookshops. #FARMRioLovers",771,6,,5
farmrio,A sudden FARM Rio twist to your holiday wishlist. Whatâ€™s your favorite pick? ğŸ„,1864,16,,7
farmrio,"For all the last-minute gifters out there, we've got your back with our ultimate Gift Guide â€“ guaranteed smiles from the moment they unwrap the box. âœ¨",1006,8,,3
farmrio,NEW IN: the perfect gift guide for the sunshine in your life. Tap to shop.,2549,17,,5
farmrio,"If you're looking for a piece that brings joy to your day and follows your every move, look no further. Swipe for inspiration from the #FARMRioLovers of the week.

@lucy_monto 
@marthc12 
@sallyquinnsullivan
@nicoleocran
@re.artsy",1028,11,,5
farmrio,"Light up the holiday celebrations with sparkling styles, elevated in every detail.",2093,27,,8
farmrio,"Even during the chilliest weather, the cozy atmosphere behind the scenes of our FW23 campaign is sure to brighten your spirits. 

Swipe for a glimpse of our memories.",2093,13,,9
farmrio,"When they say 'black outfits,' we say 'which one?' ğŸ–¤",1576,21,,8
farmrio,"Have you discovered the FW23 Collection yet? If you're in doubt, let the #FARMRioLovers' faves inspire your next wardrobe addition.

@luizarosas
@pesanuza
@marthapinel 
@imbarbarasanchez",783,9,,4
farmrio,"NEW IN: timeless memories are waiting for you (and a radiant party outfit, too). Tap to light up every room.",1332,15,,9
farmrio,"Being part of a certified B Corp group signifies a continuous focus on the future, reaffirming our commitment to creating a more responsible fashion.

Discover our next steps!",591,4,,7
farmrio,We want to tell the world that we are now B Corp Certified! Step into our stores or visit our website to learn more about our commitment to responsible business practices.,2316,36,,1
farmrio,"Curious about our path to B Corp certification?

It all began in 2016 and took a lot of hard work. We created strategies, made changes through our sustainability pillars (people, circularity, nature, and culture), and focused on becoming a better company for our team, society, and the environment.

This is not the end point but part of our long journey. We still have much to do, but we want to celebrate this huge milestone and all the steps that brought us here.",787,10,,1
farmrio,"The journey to B Corp Certification involved cultivating local partnerships, reducing production impact, planting 1,000 trees daily, and embracing sustainability in workplace policies.

Swipe for more details.",1201,8,,9
farmrio,"Proud to be B of Brasil!

After putting in a lot of effort since 2016, we have achieved a score of 85.1 points alongside the largest fashion retail group in Brasil, @somosgruposoma. Being part of a B Corp-certified company is a collective achievement with an impact both within and outside the company.

We believe the certification will help us to continue contributing to a more responsible and conscious fashion industry, but this achievement is just one more step in our journey. We hold ourselves accountable to sustainability goals and ethical practices, embracing them in everything we do. And even though we still have so much to accomplish, moving forward is the only way to build a better future, as long as we do it together.

Swipe to discover more about what's behind the seal.",662,8,,7
farmrio,"We are part of the B Corp movement! As one of the 25 Brazilian textile companies to receive this certification with @somosgruposoma from @bcorporation, we are proud to be part of the global movement towards building an inclusive, equitable, and regenerative economy. 

This marks our commitment to an internal transformation to give back to the world!",1700,37,,1
farmrio,Every day is a runway when youâ€™ve got the right style. w/ @superblondie #FARMRioLovers,1047,29,,1
farmrio,Finally figuring out how to use the copy machine.,2911,49,,1
farmrio,"One coat, double the fun. âœ¨ w/ @marthapinel #FARMRioLovers",2249,40,,1
farmrio,"Have you visited our store in SoHo yet? Besides exploring our FW23 Collection IRL, you'll also have the opportunity to meet FARM Rio & Friends - brands and people with strong identities and values, creating innovative ideas that blend our cultures and elevate our craftsmanship. 

Come and see us at 113 Prince Street, New York! ğŸ‘‹",812,17,,5
farmrio,"Tag your fashion soulmate whoâ€™s always camera-ready, rain or shine! ğŸ‘¯â€â™€ï¸",2743,40,,1
farmrio,You look fantastic @selenagomez. âœ¨,11371,90,,3
farmrio,"When they ask how Fashion Week was, just send them this. ğŸ’˜ğŸ’ w/ @marie_mag_ #FARMRioLovers",1069,14,,4
farmrio,"Why choose one when you can have both? Tap to grab one coat, two sides, and endless possibilities.",1908,26,,10
farmrio,"Congrats, @socaltribeof7! âœ¨ You've won an $800 gift card to grab all your FARM Rio faves. Check your DMs, run to our website, and don't forget to tag #FARMRioLovers on your next posts.

-

Did someone say GIVEAWAY? ğŸ‘€ Our FW23 Collection is open for grabs, and you could be the lucky winner to welcome it into your wardrobe. Keep that sunny state of mind during the chilliest days ahead! 

HOW TO: 
Follow @â€Œfarmrio 
Tag a friend in the comments (one entry per friend!) 
The more tags, the more entries (fake and verified accounts are not eligible) 

PRIZE: 
1 (one) gift card of $800 (eight hundred dollars) to be used on the FARM Rio website (valid until December 31st, 2023). 

T&Cs apply (18+, open to the US, UK, and EU). Entries must be received from October 24th, 2023, until October 26th, 2023, at 12:00 PM EST. The winners will be announced on October 26th, 2023, at 12:30 PM EST at @â€Œfarmrio. Read the full terms on the link in bio. 

*The contest is not sponsored, endorsed, administered, or associated with Instagram.",12758,18048,,1
farmrio,"Beyond images, we are visual storytellers.

If art is what remains from the process, creativity is what blossoms from the connections made along the way. Crossed paths. People who (re)connect. Shortened distances. Mixed colors. In the tapestry of life and creative living, meanings emerge. 
 
Discover FARM Rio Fall-Winter 23 Campaign (link in bio).",2311,27,,10
farmrio,"You don't have to compromise on that sense of warmth to make your Winter a little lighter. 

Discover FARM Rio Fall-Winter 23 Campaign (link in bio).",864,5,,9
farmrio,"Whether youâ€™re running out for fresh flowers or off on a mountain trip with friends, the simplest, everyday moments can feel like dancing in the rain. 
 
Discover FARM Rio Fall-Winter 23 Campaign (link in bio).",2561,65,,1
farmrio,"THE FARM RIO JOURNEYS: beyond images, we are visual storytellers. We want to invite viewers to come with us on this journey through our campaigns: feel the images, let yourself be transported. With a youthful energy, we seize moments that inspire the intimate and exuberant facets of the human spirit.

We jump into immersive adventures filled with stories, laughter, warmth, and shared ideas on each journey. Alongside a collective of creatives from different backgrounds, our odyssey becomes enriched with every encounter we have. They transform our outlook and bring depth to the brand creativity takes on diverse forms and magnitudes.

This is how our campaigns come alive: together.",950,35,,1
farmrio,"Coloring the world one print at a time.

Discover FARM Rio Fall-Winter 23 Campaign (link in bio).",4370,169,,5
farmrio,"Designed with love for those who move around the house on a cold day just to catch a tiny bit of sunlight.

Discover FARM Rio Fall-Winter 23 Campaign (link in bio).",2790,38,,9
farmrio,"Whether in earthy or vibrant tones, our prints bloom with warmth throughout the year. Long dresses brighten everyday life, while our maxi knits seem to be made for those moments we crave to feel cocooned.

Cozy up with our Fall-Winter 23 Collection.",658,4,,8
farmrio,"From the south borders to the northern peaks, the wonders of the natural world never cease to amaze us. We savor every second of the wind against our faces and cherish those indoor moments when we chase the last glimmer of afternoon sunlight. This is our favorite form of meditation - we're rooted in every nature.
As we venture out into the world exploring new places, we sync to the new seasons around us. For this campaign, we were inspired by the Fall-Winter nature: the rain, the wind, fallen leaves, the snow, the longer nights, and the warmth within us.

Discover FARM Rio Fall-Winter 23 Campaign (link in bio).",2893,57,,10
farmrio,"FARM RIO FALL-WINTER 23 COLLECTION: 

The warmth of sunlight,
when the light falls.
To dance in the rain,
the first sip of coffee,
feeling home again.

To let the wind kiss your cheeks,
to let the long conversations be your night.
The silence of falling flakes,
flying with the wind.

Waking into a cozy morning,
walking on crispy leaves,
Resting our eyes in the changing colors.

The opaque white,
dripping from the bluebird sky,
becoming colorful,
with every smile.

After the fog clears,
and the sunshine wins,
shortening the ways,
between you and me.",4285,229,,1
farmrio,"Embrace the season in style at our SoHo store! The Fall-Winter '23 Collection has arrived at 113 Prince Street, New York, NY. See you! ğŸ‘‹",1938,11,,4
farmrio,"From lazy Sundays at home to whatever the night plans, the #FARMRioLovers of the week are going for blue styles - and you probably will, too. 

@sofiamoserleitao 
@lisepierron 
@thalytasamp 
@sterjustino",1005,12,,5
farmrio,"Welcome to Casa FARM BelÃ©m, a 4-day pop-up event in BelÃ©m do ParÃ¡, located in northern Brasil. We've invited local personalities and talents to show us the city through their eyes. Our days have been filled with fashion, fun, art, and delicious food, all taking place at the Combu Island. 

Swipe right to get a taste of it, and dive into Brazilian culture.",1319,16,,10
farmrio,Stepping into the weekend like @sterjustino. #FARMRioLovers,1431,36,,1
farmrio,"SILVER FLORAL TAPESTRY EDIT: smocked shapes, long sleeves, flowy skirts, and beaded tassels. Tap to shop.",1468,7,,6
